categorie|marque|nom|nutritionGradeFr|ingredients|energie100g|graisse100g|sucres100g|fibres100g|proteines100g|sel100g|vitA100g|vitD100g|vitE100g|vitK100g|vitC100g|vitB1100g|vitB2100g|vitPP100g|vitB6100g|vitB9100g|vitB12100g|calcium100g|magnesium100g|iron100g|fer100g|betaCarotene100g|presenceHuilePalme|allergenes|additifs|,,,,,,,,,,,,,,,,,,,,,,,,,,,,,
Additifs alimentaires|La Droguerie Écologique|Bicarbonate Soude Alimentaire|b|Bicarbonate de sodium : 99 % minimum.|0|0|0||0|0|||||||||||||||||0||E500 - Carbonates de sodium,E500ii - Carbonate acide de sodium|,,,,,,,,,,,,,,,,,,,,,,,,,,,,
Additifs alimentaires|La Patelière|Perles argentées|d|Sucre, amidon de riz et de maïs, sirop de glucose, arôme, colorant : argent.|1671|0.5|91.2||0.5|0.0001|||||||||||||||||0||E174 - Argent|,,,,,,,,,,,,,,,,,,,,,,,,,
Additifs alimentaires|Laboratoires Vitarmonyl|Levure de bière Vitalité Beauté|a|Levure de bière, agent de charge : sorbitol , vitamines : B3. B5. B12. B6. B2. B1. B9. B8 : anti-agglomérant : sels de magnésium d'acides gras.|1381|3.08|0|0|32.3|0||||||0.0011|0.0014|0.016|0.0014|0.0002|||||||0||E420 - Sorbitol,E420i - Sorbitol,E470b - Sels de magnésium d'acides gras|,,,,,,,,,,,,,,,,,,,,,,,,,
Additifs alimentaires|Lagrange|Aromatisation pour yaourtière arôme vanille|d|Sucre, _lait_ écrémé en poudre, arôme naturel de vanille.|1660|0.1|91.1||5.4|0.2|||||||||||||||||0|lait||,,,,,,,,,,,,,,,,,,,,,,,,,,,
Additifs alimentaires|Lesaffre|Levure Déshydratée|b|Levure sèche dite de boulanger, émulsifiant :monostearate|1632|8|0||50|0|||||||||||||||||0||E491 - Monostéarate de sorbitane|,,,,,,,,,,,,,,,,,,,,,,,,,,,,
Additifs alimentaires|Moulin des Moines,Naturaline|Levure de bière maltee|a|Levure de bière, malt d'_orge_.|1443|4.5|0|22.5|47|0.499999999999999|||||||||||||||||0|orge||,,,,,,,,,,,,,,,,,,,,,,,,,,,
Additifs alimentaires|Priméal|Agar-agar|c|Agar-agar|823|0.1|0.4||1.1|0.25|||||||||||||||||0||E406 - Agar-agar|,,,,,,,,,,,,,,,,,,,,,,,,,,,,,
Additifs alimentaires|U|Arôme naturel vanille|b|Sirop de glucose, eau, caramel, arôme naturel de vanille.|0|0|0|0|0|0|||||||||||||||||0|||,,,,,,,,,,,,,,,,,,,,,,,,,,
Aides culinaires|Artisans & Talents|Nappage rouge aromatisé|d|Sirop de glucose-fructose, eau, sucre, purée de fruits, gélifiants : E440. E401. acidifiant : E330. extrait de sureau, conservateur : E202. colorant : E160c, arôme.|1054|0.5|36.6||0.1|0.2|||||||||||||||||0||E160c - Extrait de paprika,E202 - Sorbate de potassium,E330 - Acide citrique,E401 - Alginate de sodium,E440 - Pectines|,,,,,,,,,,,,,,,,,,,
Aides culinaires|Dr. Oetker,Ancel|Mon cremfix|d|sucre, amidon modifié.|1640|0|50||0|1|||||||||||||||||0||E14XX - Amidons modifiés|,,,,,,,,,,,,,,,,,,,,,,,,,,,
Aides culinaires|France Délices|Préparation pour Crème Dessert Vanille|d|Sucre de canne roux* , amidon de maïs* , extrait de vanille*, agar agar*. *Ingrédients agricoles issus de agriculture biologique|1577|0.1|62||0.1|0.09|||||||||||||||||0||E406 - Agar-agar|,,,,,,,,,,,,,,,,,,,,,,,,,,
Aides culinaires|Giffard|Caramel Sauce|d|Glucose syrup, sweetened condensed skim MILK, Sugar, water, salted modified starch, colouring : ordinary caramel, salt, flavour, preservative :, emulsifier : mono and diglycerides of fatty acids, acidifier : citric acid. 31) 35 % -FR - Ingrédients: Sirop de glucose, LAIT écrémé condensé sucré, sucre, eau, amidon modifié, colorant: caramel ordinaire, sel, arôme, conservateur., émulsifiant: mono et diglycérides d'acide gras, acidifiant: acide citrique caramel.' min 35 %. EN'. Production date and Best Before date : see below - To be stored in a clean, dry and cool placeopening. FR : Date de production et A consommer de préférence avant le : voir ci-dessous - A conserver dans un endroit propre, 50 et250) -A consommer de préférence 6 semaines après ouverture. Yf±jfiifi PD 2ClFl|1259|1.8|52|0.1|1.6|0.419999999999999|||||||||||||||||0|MILK, LAIT|E1422 - Adipate de diamidon acétylé,E14XX - Amidons modifiés,E150a - Caramel E150a,E330 - Acide citrique,E471 - Mono- et diglycérides d'acides gras alimentaires|,,
Aides culinaires|Idéal,Uni|Agent de Démoulage|e|Huile de colza, émulsifiant : lécithine de _soja_, gaz propulseur: butane/propane.|3531|94|1||1|1|||||||||||||||||0||E322 - Lécithines,E322i - Lécithine,E943a - Butane,E944 - Propane|,,,,,,,,,,,,,,,,,,,,,,,
Aides culinaires|Jean Larnaudie|Perles de vin de Porto|c|Préparation à base de Porto rouge 70%, sucre de canne), eau, épaississant : gomme de cellulose, gélifiants : chlorure de calcium, alginate de sodium, conservateur : sorbate de potassium|651|0.3|29.8||0.3|0.02|||||||||||||||||0|en:sulphur-dioxide-and-sulphites|E202 - Sorbate de potassium,E401 - Alginate de sodium,E466 - Carboxyméthylcellulose|,,,,,,,,,,,,,,,,,,,,,
Aides culinaires|Karéléa,Léa Nature|Konjac Cuisine|a|Poudre de Konjac, fibre de chicorée.|804|0.25|0|87.5|0.75|0.127|||||||||||||||||0|||,,,,,,,,,,,,,,,,,,,,,,,,,,,
Aides culinaires|La Bovida|Les marinades du chef Barbecue|e|Graisse végétale, sel, épices et plantes aromatiques, sucres, arômes de fumée, arômes naturels, arômes, caramel, tomate, extrait naturel de vinaigre, vinaigre de Xérès, sauce piquante, huile de tournesol|2746|66.6|9||1.1|10|||||||||||||||||0||E14XX - Amidons modifiés|,,,,,,,,,,,,,,,,,
Aides culinaires|La Patelière|Poudre à lever sans phosphate|a|Bicarbonate de sodium, amidon de _blé_, tartrate monopotassique.|1201|13.5|0.01||48|0|||||||||||||||||0|en:gluten|E336 - Tartrates de potassium,E336i - Tartrate monopotassique,E500 - Carbonates de sodium,E500ii - Carbonate acide de sodium|,,,,,,,,,,,,,,,,,,,,,,,,
Aides culinaires|La vie claire|Crème d orge|a|Orge|1402|2.1|1.2|8.8|11.5|0.005|||||||||||||||||0|||,,,,,,,,,,,,,,,,,,,,,,,,,,,,,
Aides culinaires|Minoterie Prunault|Préparation pour brioche|c|Farine de _blé_, Sucre de canne blond, _œuf_ en poudre, Levure boulangère, Sel de guérande.|1531|4.17|21|4.33|14.2|1.2|||||||||||||||||0|blé, œuf||,,,,,,,,,,,,,,,,,,,,,,,,
Aides culinaires|Picard|Préparation pour Cocktail Piña Colada|c|Purée d'ananas 45 %, crème de coco 22 %, eau, sucre.|498|4.1|20||0.7|0.01|||||||||||||||||0|||,,,,,,,,,,,,,,,,,,,,,,,,,,
Aides culinaires|Sainte Lucie|Fixateur pour Crème Chantilly|c|Amidon, dextrose, gélifiant : carraghénanes, arôme.|1523|0.1|12.9||0.4|0.7|||||||||||||||||0||E407 - Carraghénanes|,,,,,,,,,,,,,,,,,,,,,,,,,,
Aides culinaires|Sainte Lucie|Amandin|a|_Amandes_ en poudre, farine spécifique de _blé_, arôme naturel.|1997|27|2.7|5.1|19|0||||||||||||0.124|||0.0023||0|Amandes, blé||,,,,,,,,,,,,,,,,,,,,,,,,,,
Aides culinaires|U|Eclats de sucre tutti frutti|d|Sucre 95%, beurre de cacao, sirop de glucose, régulateur d'acidité: acide citrique, arôme naturel, colorant: lutéine, jus concentré de sureau. Traces éventuelles de céréales contenant du gluten, de lait et de soja.|1752|3|95|0.5|0.5|0.02|||||||||||||||||0||E161b - Lutéine,E330 - Acide citrique|,,,,,,,,,,,,,,,,,,,,,
Aides culinaires|U|Crayon Pâtissier Rouge|e|sirop de glucose, sucre, eau, amidon transformé de maïs, colorant: anthocyanes, épaississant: carraghénanes, acidifiant: acide citrique, sel, conservateur: sorbate de potassium. Traces éventuelles de lait, fruits à coque et de soja.|1234|0.5|50|1.2|0.5|3.3|||||||||||||||||0||E14XX - Amidons modifiés,E163 - Anthocyanes,E202 - Sorbate de potassium,E330 - Acide citrique,E407 - Carraghénanes|,,,,,,,,,,,,,,,,
Aides culinaires|U|Crayon pâtissier marron|e|Sucre, huile de palme, pâte de NOISETTE 14%, poudre de LACTOSERUM, cacao maigre en poudre 6%, émulsifiant : lécithine de SOJA, extrait de vanille.|2288|32|55|3.6|4.9|0.01|||||||||||||||||1|en:milk,en:nuts,en:soybeans|E322 - Lécithines,E322i - Lécithine|,,,,,,,,,,,,,,,,,,,,
Aides culinaires|Vahiné|Préparation pour nappage|e|Dextrose, gélifiant: pectine, acidifiant: acide citrique, épaississants: gomme guar, carraghénanes, gomme xanthane, caramel.|1377|0|72.5||0.4|2.3|||||||||||||||||0||E330 - Acide citrique,E341 - Phosphates de calcium,E341iii - Phosphate tricalcique,E407 - Carraghénanes,E412 - Gomme de guar,E415 - Gomme xanthane,E440 - Pectines,E440i - Pectine,E450 - Sels métalliques de diphosphates,E450i - Pyrophosphate de sodium acide|,,,,,,,,,,,,,,
Aides culinaires|Vahiné|Fix neige sachets 3x4g|d|Sucre, épaississants : gomme guar, gomme xanthane, correcteur d'acidité : acide citrique.|1657|0|96||0|0.09|||||||||||||||||0||E330 - Acide citrique,E412 - Gomme de guar,E415 - Gomme xanthane|,,,,,,,,,,,,,,,,,,,,,,,,
Aides culinaires|Vahiné|Tant Pour Tant|d|_Amande_ en poudre 50 %, sucre glace50_%.|2117|26|50||11|0.02|||||||||||||||||0|Amande, blé||,,,,,,,,,,,,,,,,,,,,,,,,,,,
Aides culinaires|Vahiné|Chantifix|d|Sucre, amidon modifié, gélifiant : carraghénanes, arôme|1586|0|62.6||0.1|0.37|||||||||||||||||0||E14XX - Amidons modifiés,E407 - Carraghénanes|,,,,,,,,,,,,,,,,,,,,,,,,,
Aides culinaires|Vahiné,McCormick|Kit Galette des Rois Pralinée|d|Sucre, pralin, _amandes_ en poudre, _œuf_ entier en poudre, _noisette_ en poudre torréfiée, amidon modifié de maïs, _lait_ écrémé en poudre.|2205|29|49.5||14.3|0.16|||||||||||||||||0||E14XX - Amidons modifiés|,,,,,,,,,,,,,,,,,,,,,,
Aides culinaires|Vahiné,McCormick|Nappage Chocolat|d|Sirop de glucose-fructose, eau, poudre de cacao maigre, amidon modifié, chocolat, sel, émulsifiant : E471. arômes, correcteur d'acidité : citrate trisodique.|1125|1.3|58.7||1.7|0.57|||||||||||||||||0||E14XX - Amidons modifiés,E331 - Citrates de sodium,E331iii - Citrate trisodique,E471 - Mono- et diglycérides d'acides gras alimentaires|,,,,,,,,,,,,,,,,,,
Aliment-pour-enfant|Good Gout|Croustillants banane-Good Gout Kidz-110g|a|Farine de riz* 82 %, poudre de banane* 15%, sucre de canne roux clair**|1582|0.7|10.5|6.4|7.3|0.1|||||||||||||||||0|||,,,,,,,,,,,,,,,,,,,,,,,,,,,
Aliments et boissons à base de végétaux|Abbaye de Sept-Fons|Germe de Blé|a|Germe de _blé_* *Ingrédient d'origine agricole issu de l'agriculture biologique : 100%|1615|9.6|13|12|31|0.0499999999999999|||||||||||||||||0|blé||,,,,,,,,,,,,,,,,,,,,,,,,,,,,,
Aliments et boissons à base de végétaux|Abbaye de Sept-Fons|Germafibre|a|Germe de _blé_, fibres de chicorée, fibres de pomme, _soja_, arôme naturel de pomme, arôme abricot.|1297|6.4|16|7.4|16|0.02|||0.001|||0.00018||||1e-05|||0.026||0.001||0|blé, soja||,,,,,,,,,,,,,,,,,,,,,,,
Aliments et boissons à base de végétaux|Agidra|Arachides Sucrées|e|_Arachide_ 60 %, sucre 40 %.|2226|28|44||15|0|||||||||||||||||0|Arachide||,,,,,,,,,,,,,,,,,,,,,,,,,,,,
Aliments et boissons à base de végétaux|Alpina|Couscous|a|Semoule de _blé_ dur de qualité supérieure issu de l'agriculture biologique.|1456|2|2.5|3|11|0|||||||||||||||||0|blé||,,,,,,,,,,,,,,,,,,,,,,,,,,,,,
Aliments et boissons à base de végétaux|Aptonia|Ultra fruit jellies - Cassis Acelora Pomme|d|Pulpe de fruits 50 %, sucre, sirop de glucose de blé, maltodextrine 5 %, stabilisant : glycérol, gélifiant : pectine, arôme naturel de cassis, poudre d'acérola0.4 %, vitamines : B1. B6 et B12.|1382|0.5|63||0.5|0.09|||||0.048|0.00066|||0.00084||||||||0||E422 - Glycérol,E440 - Pectines,E440i - Pectine|,,,,,,,,,,,,,,,,,,,
Aliments et boissons à base de végétaux|Aptonia|Ultra fruit jellies cassis pomme acérola|c|pulpe de fruits 50%, sucre, sirop de glucose de blé, maltodextrine 5%, stabilisant : glycérol, gélifiant : pectine, arôme naturel de cassis, poudre d'acérola0.4%, acidifiant : acide citrique, vitamines B1. B6 et B12.|1360|0.5|63||0.5|0.09|||||||||||||||||0||E330 - Acide citrique,E422 - Glycérol,E440 - Pectines,E440i - Pectine|,,,,,,,,,,,,,,,,,
Aliments et boissons à base de végétaux|Aptonia|Ultra Fruit Jellied|c|pulpe de poire William 51%, sucre, sirop de glucose de blé, stabilisant : glycérol, maltodextrine 5%, arôme naturel de poire, gélifiant : pectine, acidifiant : acide citrique, poudre d'acérola0.4%, vitamines B1. B6 et B12.|1372|0.4|64||0.4|0.09|||||||||||||||||0||E330 - Acide citrique,E422 - Glycérol,E440 - Pectines,E440i - Pectine|,,,,,,,,,,,,,,,,,
Aliments et boissons à base de végétaux|Aptonia|Ultra fruit jellies pamplemousse citron orange acérola|c|pulpe de fruits 50%, sucre, sirop de glucose de blé, maltodextrine 5%, stabilisant : glycérol, gélifiant : pectine, acidifiant : acide citrique, poudre d'acérola0.4%, huile essentielle de citron, huile essentielle d'orange, vitamines B1. B6 et B12.|1389|0.5|67||0.5|0.1|||||||||||||||||0||E330 - Acide citrique,E422 - Glycérol,E440 - Pectines,E440i - Pectine|,,,,,,,,,,,,,,,,
Aliments et boissons à base de végétaux|Aptonia|Ultra Fruit Jellies fraise canneberge acérola|c|pulpe de fruits 50%, sucre, sirop de glucose de blé, maltodextrine 5%, stabilisant : glycérol, gélifiant : pectine, acidifiant : acide citrique, arôme naturel de fraise, arôme naturel de canneberge, poudre d'acérola0.4%, vitamines B1. B6 et B12.|1385||65|0|0.5|0.11|||||||||||||||||0||E330 - Acide citrique,E422 - Glycérol,E440 - Pectines,E440i - Pectine|,,,,,,,,,,,,,,,,
Aliments et boissons à base de végétaux|Auchan|Betteraves cube|a|ingrédient Betterave rouge.|180|0.5|6.7|2.3|2.3|0.13|||||||||||||||||0|||,,,,,,,,,,,,,,,,,,,,,,,,,,,,,
Aliments et boissons à base de végétaux|Auchan|Haricot rouge|a|Haricots rouges|1243|1.2|3.5|24.9|21|0.01|||||||||||||||||0|||,,,,,,,,,,,,,,,,,,,,,,,,,,,,,
Aliments et boissons à base de végétaux|Auchan|Double Concentré De Tomates Francaises|a|purée de tomates|397|0.4|15|0|4|0.03|||||||||||||||||0|||,,,,,,,,,,,,,,,,,,,,,,,,,,,,,
Aliments et boissons à base de végétaux|Auchan|Pâtes de fruits|c|Pulpes de fruits : pêche : pulpes de fruits 52.5%, mûre : pulpes de fruits 53%, abricot : pulpes de fruits 35%, framboise : pulpes de fruits 52.5%, fraise : pulpes de fruits 52.5%, poire : pulpes de fruits 52.5%, sucre, sirop de glucose, gélifiant : pectine de fruits, acidifiant : acide citrique, arômes.|1445|0.6|55.8|3|0.3|0.109982|||||||||||||||||0||E330 - Acide citrique,E440 - Pectines,E440i - Pectine|,,,,,,,,,,,,,,,,,
Aliments et boissons à base de végétaux|Auchan|Jeunes pousses Maxi Pack|a|Jeunes pousses de laitue verte, de laitue rouge, d'épinard.|67|0.5|0.5|1.5|1.8|0.06|||||||||||||||||0|||,,,,,,,,,,,,,,,,,,,,,,,,,,,
Aliments et boissons à base de végétaux|Auchan|Soja Cuisine 5%|a|jus de _soja_ 95 %, huile de tournesol, sucre, émulsifiant : lécithine de _soja_, épaississants : gomme xanthane, carraghénanes.|285|5|1.9|0.5|3.1|0.04|||||||||||||||||0|en:soybeans|E322 - Lécithines,E322i - Lécithine,E407 - Carraghénanes,E415 - Gomme xanthane|,,,,,,,,,,,,,,,,,,,,,
Aliments et boissons à base de végétaux|Auchan|Coulis Tomate de Provence|a|Purée de tomates de Provence 99.6%, sel de Camargue.|201|0.4|5.3||1.5|0.4|||||||||||||||||0|||,,,,,,,,,,,,,,,,,,,,,,,,,,,,
Aliments et boissons à base de végétaux|Auchan|Mogette de Vendée|a|Mogette de Vendée Label Rouge IGP|1345|1.1|2.6|19|20.6|0.01|||||||||||||||||0|||,,,,,,,,,,,,,,,,,,,,,,,,,,,,,
Aliments et boissons à base de végétaux|Auchan|Quinoa blond du Pérou|a|100% quinoa blanc du Pérou|1569|6.6|5|10|14|0.2|||||||||||||||||0|||,,,,,,,,,,,,,,,,,,,,,,,,,,,,,
Aliments et boissons à base de végétaux|Auchan|Maïs Pop Corn|a|Maïs|1435|4.2|0.8|11.2|7.7|0.1|||||||||||||||||0|||,,,,,,,,,,,,,,,,,,,,,,,,,,,,,
Aliments et boissons à base de végétaux|Auchan bio,Auchan|Quinoa bio |a|100% quinoa - issu de l'agriculture biologique |1532|5.3|5.3|7.8|12.5|0.1|||||||||||||||||0|||,,,,,,,,,,,,,,,,,,,,,,,,,,,,
Aliments et boissons à base de végétaux|Auchan,Mmm!|Lentille Verte du Puy|a|Lentilles verte du Puy.|1224|1.1|2|30.5|25.8|0|||||||||||||||||0|||,,,,,,,,,,,,,,,,,,,,,,,,,,,,
Aliments et boissons à base de végétaux|Auzier Chabernac|Pralines Rouges|e|_Amande_, sucre, sirop de glucose, eau, vanilline, colorants : E124. E122. E129. agents d'enrobage : huile blanche, paraffine et talc.|2038|20.2|58.3|4.8|9.6|0.01|||||||||||||||||0|Amande|E122 - Azorubine carmoisine,E124 - Ponceau 4R,E129 - Rouge allura AC,E553b - Talc,E905 - Paraffine|,,,,,,,,,,,,,,,,,,,
Aliments et boissons à base de végétaux|Belle France|Coeur de laitue|a|Coeur de laitue|50|0.1|0.3|1.2|1.1|0.05|||||||||||||||||0|||,,,,,,,,,,,,,,,,,,,,,,,,,,,,,
Aliments et boissons à base de végétaux|Belle France|Coulis de Tomate |a|Purée de tomates, sel.|217|0.1|4.1|1.4|2.1|0.6096|||||||||||||||||0|||,,,,,,,,,,,,,,,,,,,,,,,,,,,,
Aliments et boissons à base de végétaux|Belle France|Pâte brisée|d|farine de _blé_, graisses et huiles végétales, eau, sucre, alcool éthylique, sel, jus de citron concentré, colorant : béta-carotène, agent de traitement de la farine : L-cystéine.|1645|21.5|2.7|1.1|6.2|0.92|||||||||||||||||1|blé|E1510 - Éthanol,E160a - Bêta-carotène,E160ai - Bêta-carotène,E920 - L-Cystéine et ses chlorhydrates|,,,,,,,,,,,,,,,,,,
Aliments et boissons à base de végétaux|Belle France|Mêlée Gourmande|a|Cœur de frisée, mâche, chicorée rouge.|71|0.3|0.7||1.3|0.08|||||||||||||||||0|||,,,,,,,,,,,,,,,,,,,,,,,,,,,
Aliments et boissons à base de végétaux|Belle France|Pate Sablee Etal.230G Bf,|d|farine de _blé_, matière grasse végétale, sucre, eau, alcool éthylique, sel, jus de citron concentré.|1803|22|17.3|1|5.3|0.3|||||||||||||||||1|blé|E1510 - Éthanol,E160 - Caroténoïdes|,,,,,,,,,,,,,,,,,,,,,
Aliments et boissons à base de végétaux|Bio Village,Marque Repère|Boulgour courgettes cranberries et menthe|b|_Boulgour_ fin cuit* 49 %, courgettes* 16 cranberries* 9.8 %, huile de tournesol* , eau , persil* 3.5 % , vinaigre d'alcool* , menthe* 2.1% , sel , sucre blond* , jus de citron concentré* 0.5% , _moutarde_ de Dijon*, épaississant : gomme xanthane , poivre blanc*.|657|7.8|9|4.6|2.5|1.2|||||||||||||||||0|Boulgour, blé, moutarde, moutarde|E415 - Gomme xanthane|,,,,,,,,,,,,,
Aliments et boissons à base de végétaux|Bio Village,Marque Repère|Boulgour|a|Boulgour de _blé_ dur précuit issu de l'agriculture biologique|1439|1.9|1.1|7.4|12|0.05|||||||||||||||||0|blé||,,,,,,,,,,,,,,,,,,,,,,,,,,,,
Aliments et boissons à base de végétaux|Biocoop|Lentilles Vertes|a|lentilles vertes*, eau, sel de Guérande.  *Ingrédient Issu de l'agriculture|406|0.7|1.2|4.4|7.8|0.4|||||||||||||||||0|||,,,,,,,,,,,,,,,,,,,,,,,,,,,
Aliments et boissons à base de végétaux|Biothentic|Graines de courge|c|Graines de courge* *Issues de l'agriculture biologique.|2339|49|1.4|4|6|0.05|||||||||||||||||0|||,,,,,,,,,,,,,,,,,,,,,,,,,,,,,
Aliments et boissons à base de végétaux|Biothentic|Pois Chiches Bio|a|Pois chiches*. *Issus de l'agriculture biologique.|1523|6|11|10|19|0.0610000000000001|||||||||||||||||0|||,,,,,,,,,,,,,,,,,,,,,,,,,,,,,
Aliments et boissons à base de végétaux|Biothentic|Quinoa bio|a|INGREDIENW Quinoa*. *Issu de l'agriculture biologique. Risques de traces de gluten, de fruits à coques, de sésame, de lait et d'oeuf.|1565|6|2|7|13|0.053|||||||||||||||||0|||,,,,,,,,,,,,,,,,,,,,,,,,,,
Aliments et boissons à base de végétaux|Bjorg|Avoine façon risotto aux légumes|a|Gruau d'avoine précuit 35.4%, riz rond complet précuit 19.7%, eau, petits légumes 19.3%, huile d'olive, farine complète de riz, bouillon de légumes.|657|3.2|0.1|3.2|4.9|0.762|||||||||||||||||0|||,,,,,,,,,,,,,,,,,,,,,,,
Aliments et boissons à base de végétaux|Bjorg|Soja cuisine fluide Bio|b|Tonyu*, huile de colza*, sirop de blé*, huile de tournesol*, émulsifiant lécithines*épaississants gomme guar, gomme xanthane, sel marin, arômes naturels, antioxydant: extrait riche en tocophérols. Pourcentage exprimé sur produit fini. *Ingrédients biologiques.|699|16|2|1.1|2.7|0.14|||||||||||||||||0|en:soybeans|E306 - Extrait riche en tocophérols,E322 - Lécithines,E412 - Gomme de guar,E415 - Gomme xanthane|,,,,,,,,,,,,,,,,,,
Aliments et boissons à base de végétaux|Bjorg|Céréales & Légumes secs - Orge, Épeautre, Pois cassés|a|_Orge_ précuit 35 %, _épeautre_ précuit 27 %, lentilles vertes décortiquées précuites 20 %, lentilles rouges décortiquées 10 %, pois cassés précuits 10 %.|1356|1.3|1.7|8.2|14|0.03|||||||||||||||||0|Orge, épeautre||,,,,,,,,,,,,,,,,,,,,,,
Aliments et boissons à base de végétaux|Bjorg|Céréales et légumes secs, blé riz et lentilles|a|_Blé_ dur précuit 50%, riz long basmati 27%, lentilles rouges décortiquées 10%, riz long complet rouge 10%, lin doré 3%.|1509|1.3|1|4.9|11.3|0|||||||||||||||||0|Blé||,,,,,,,,,,,,,,,,,,,,,,,,
Aliments et boissons à base de végétaux|Bjorg|Soja Gratin Bio|b|*Tonyu, *farine de blé, *huile de tournesol oléique, *amidon de blé, émulsifiant : lécithine de tournesol, sel marin, *noix de muscade, épaississants : gomme guar et gomme xanthane, arôme naturel de poivre, arôme naturel de noix de muscade. |414|6.5|1.2|0.7|3.5|0.5|||||||||||||||||0||E322 - Lécithines,E322i - Lécithine,E412 - Gomme de guar,E415 - Gomme xanthane|,,,,,,,,,,,,,,,,,
Aliments et boissons à base de végétaux|Bjorg|Les Délicieux Palets soja à l'indienne|a|Soja* 42.6%, eau, riz* complet 10.9%, patates douces* 5.9%, crème de riz*, huile de tournesol*, oignons*, noix de coco* râpée, coriandre*, épices*, sel marin, épaississant : gomme arabique|615|7.2|0.5|4.6|8.3|0.9|||||||||||||||||0||E414 - Gomme d'acacia|,,,,,,,,,,,,,,,,,,
Aliments et boissons à base de végétaux|Bjorg|Mes Galettes Nature Bio|a|flocons d'avoine complet, son d'avoine, flocons de sarrasin complet, flocons de riz complet|1547|5.3|1.1|6.3|11.3|0.0025|||||||||||||||||0|||,,,,,,,,,,,,,,,,,,,,,,,,,,
Aliments et boissons à base de végétaux|Bjorg|Soja Cuisine semi-épais sans gluten|b|Tonyu), huile de colza, huile de tournesol, sirop de blé, émulsifiant : lécithines, stabilisants : gomme guar et gomme xanthane, sel marin, arômes naturels, antioxydant : extrait riche en tocophérols.|795|18|2.5|1.1|3.5|0.18|||||||||||||||||0|soja|E306 - Extrait riche en tocophérols,E322 - Lécithines,E412 - Gomme de guar,E415 - Gomme xanthane|,,,,,,,,,,,,,,,,,,
Aliments et boissons à base de végétaux|Bonduelle|Tomates mi-séchées|b|Tomates mi-séchées 68%, huiles végétales, sucre, sel, ail, plantes aromatiques, conservateur : E202. antioxydant : E300|1387|31.7|2.4||3.1|0.4|||||||||||||||||0||E202 - Sorbate de potassium,E300 - Acide ascorbique|,,,,,,,,,,,,,,,,,,,,,,
Aliments et boissons à base de végétaux|Bongran|Galettes de riz de Camargue Multicéréales|a|riz de camargue complet*, riz de camargue semi complet*, mélange de céréales 6%, sésame complet* 2%, sel de mer, émulsifiant : lécithine de tournesol, * issu de l'agriculture biologique|1619|1.4|0.4|1.9|9.2|0.28|||||||||||||||||0|en:gluten,en:sesame-seeds|E322 - Lécithines,E322i - Lécithine|,,,,,,,,,,,,,,,,,,,,,
Aliments et boissons à base de végétaux|Bongran|Galettes de riz de Camargue sans sel|a|Riz complet 50 % et semi complet de Camargue, émulsifiant : lécithine de tournesol.|1642.2|2.33|0.65|3.2|7.33|0.0127|||||||||||||||||0||E322 - Lécithines,E322i - Lécithine|,,,,,,,,,,,,,,,,,,,,,,,,,,,
Aliments et boissons à base de végétaux|Bongran|Galettes de riz de Camargue Complet|a|riz complet bio de Camargue 50%, riz semi complet bio de Camargue, sel de mer, émulsifiant|1619|1.3|0.4|1.8|8.8|0.36|||||||||||||||||0||E322 - Lécithines,E322i - Lécithine|,,,,,,,,,,,,,,,,,,,,,,,,,
Aliments et boissons à base de végétaux|Bonneterre|Galette de Riz Sandwich Noisettes Cacao|d|Riz complet*, Sucre de Canne*, Huile de palme*, Pâte de noisettes*, poudre de sirop de riz*, poudre de cacao*, Sel marin, Arôme naturel de vanille*. * Ingrédients agricoles issus de l'Agriculture Biologique.|1937|18.2|2.7|3|6|0.15|||||||||||||||||1|||,,,,,,,,,,,,,,,,,,,,,,
Aliments et boissons à base de végétaux|Bonneterre|Lentille Verte Du Puy AOP|a|Lentilles vertes.|1409|1.7|1|11|24|0.01|||||||||||||||||0|||,,,,,,,,,,,,,,,,,,,,,,,,,,,,,
Aliments et boissons à base de végétaux|Borde|Panier forestier|a|Mélange forestier séché.|977|5.8|1.4||17|0.1|||||||||||||||||0|||,,,,,,,,,,,,,,,,,,,,,,,,,,,,,
Aliments et boissons à base de végétaux|Brake|Salade de Fruits Saison 5 Fruits|a|Mélange de 5 fruits en proportion variable 70 %, eau, sirop de glucose/fructose-saccharose, conservateur : E202. acidifiant : E330.|250|0.2|12.9|1.1|0.4|0.005|||||||||||||||||0||E202 - Sorbate de potassium,E330 - Acide citrique|,,,,,,,,,,,,,,,,,,,,,,,,,
Aliments et boissons à base de végétaux|Brousse Vergez|Aiguillettes Citrons Confits|c|Écorces de citron, sirop de glucose-fructose, saccharose, correcteur d'acidité: E330. conservateur : _Anhydride sulfureux_.|1209|0|59.7||0.23|0.26|||||||||||||||||0|Anhydride sulfureux, sulfites|E220 - Anhydride sulfureux,E330 - Acide citrique|,,,,,,,,,,,,,,,,,,,,,,,,
Aliments et boissons à base de végétaux|Carrefour|Couscous Blé complet|a|Semoule complète de blé dur.|1525|2|3|6|13|0|||||||||||||||||0|blé||,,,,,,,,,,,,,,,,,,,,,,,,,,,,,
Aliments et boissons à base de végétaux|Carrefour|Pois cassés|a|Pois cassés verts.|1402|1|3.9|13|20|0.02|||||||||||||||||0|||,,,,,,,,,,,,,,,,,,,,,,,,,,,,,
Aliments et boissons à base de végétaux|Carrefour|Pâte feuilletée|d|Farine de _blé_ 47.5%, graisses végétales, eau, alcool éthylique, sel, jus de citron concentré, agent de traitement de la farine : L-cystéine, colorant : caroténoïdes.|1695|24|1.5||5.4|0.88|||||||||||||||||1|en:gluten|E1510 - Éthanol,E160 - Caroténoïdes,E920 - L-Cystéine et ses chlorhydrates|,,,,,,,,,,,,,,,,,,,,
Aliments et boissons à base de végétaux|Carrefour|Couscous Grain Fin|a|Semoule de blé dur de qualité supérieure.|1464|1.5|3|3|12|0.01|||||||||||||||||0|||,,,,,,,,,,,,,,,,,,,,,,,,,,,,,
Aliments et boissons à base de végétaux|Carrefour|Mélange de légumes Carrefour|a|Eau, pousses de haricot mungo, épis de maïs coupés, pousses de bambou, vinaigre d'alcool, sucre, sel, antioxydant : acide ascorbique.|82|0.3|1.8|1.9|1.5|0.508|||||||||||||||||0||E300 - Acide ascorbique,E330 - Acide citrique|,,,,,,,,,,,,,,,,,,,,,
Aliments et boissons à base de végétaux|Carrefour|Semoule de blé spéciale  Dessert|a|Contient du gluten.|1526|2|2|3|12|0|||||||||||||||||0|blé||,,,,,,,,,,,,,,,,,,,,,,,,,,,,,
Aliments et boissons à base de végétaux|Carrefour|Pâtes  de fruits|c|Pulpes de fruits : abricot : pulpes de fruits 53%*, mûre : pulpes de fruits 53%*, poire : pulpes de fruits 52.5%*, sucre, sirop de glucose, gélifiant : pectines, acidifiant : acide citrique, arômes naturels de fruitsavec autres arômes naturels. * Pourcentage mis en œuvre pour chaque parfum.|1416|0|63|1.2|0|0.13|||||||||||||||||0||E330 - Acide citrique,E440 - Pectines|,,,,,,,,,,,,,,,,,,,,,
Aliments et boissons à base de végétaux|Carrefour|Mâche|a|Mâche.|8|0|0||0|0.5|||||||||||||||||0|||,,,,,,,,,,,,,,,,,,,,,,,,,,,,,
Aliments et boissons à base de végétaux|Carrefour|Macédoine|a|Légumes 60% :, eau, sel.|159|0.5|1.1|3.4|2.1|0.7|||||||||||||||||0|||,,,,,,,,,,,,,,,,,,,,,,,,,,,
Aliments et boissons à base de végétaux|Carrefour|Lingots blancs|a|Haricots lingots blancs.|1247|1.8|2.2|18|21|0.05|||||||||||||||||0|||,,,,,,,,,,,,,,,,,,,,,,,,,,,,,
Aliments et boissons à base de végétaux|Carrefour|Couscous aux épices|c|Semoule de blé dur précuite 93.7%, épices 2.4%, sel, extrait de levure, poivron rouge, oignon, huile de tournesol, ail, arômes.|1586|3.1|2.6|5.3|15|2|||||||||||||||||0|||,,,,,,,,,,,,,,,,,,,,,
Aliments et boissons à base de végétaux|Carrefour|Lentilles Vertes|a|Lentilles vertes précuites.|1188|0.9|0.7|27|24|0.04|||||||||||||||||0|||,,,,,,,,,,,,,,,,,,,,,,,,,,,,,
Aliments et boissons à base de végétaux|Carrefour|Quinoa|a|Quinoa blond issu de l'agriculture biologique.|1527|6.8|4|7.6|15|0.001|||||||||||||||||0|||,,,,,,,,,,,,,,,,,,,,,,,,,,,,,
Aliments et boissons à base de végétaux|Carrefour Bio|Marrons glacés|c|Marrons bio, sucre de canne bio, sirop de glucose-fructose bio, gousse de vanille bio.|1321|0.9|51|3.1|0.9|0.03|||||||||||||||||0|||,,,,,,,,,,,,,,,,,,,,,,,,,,
Aliments et boissons à base de végétaux|Carrefour Bio,Carrefour|Pate feuilletée|d|Farine de blé, margarine végétale, eau, alcool éthylique, vinaigre de cidre, gluten de blé, sucre de canne, sel, levure.|1602|21|3.3|2|5.8|1.1|||||||||||||||||1|en:gluten|E1510 - Éthanol|,,,,,,,,,,,,,,,,,,,,
Aliments et boissons à base de végétaux|Carrefour Sélection,Carrefour|Marrons glacés au Cognac|d|Marrons, sucre, sirop de glucose, Cognac, gousse de vanille.|1349|0.9|46|3|0.9|0.04|||||||||||||||||0|||,,,,,,,,,,,,,,,,,,,,,,,,
Aliments et boissons à base de végétaux|Carrefour Veggie,Carrefour|Bouchées panées au blé  a la thaï|a|Eau, chapelure 11%, protéines de blé déshydratées 10.5%, carottes oranges 10.4%, carottes jaunes 10.4%, oignons préfrits, farine de blé, huile de colza, champignons noirs blanchis 2.7%, sauce soja, fibres de blé, vinaigre d'alcool, coriandre 1%, ail, citronnelle 0.8%, sel, épaississant , méthylcellulose, curcuma, fibres de psyllium, gingembre en poudre 0.1%.  Huile de friture : huiles de tournesol et de colza  Fabriqué dans un atelier utilisant : céleri, lait, mollusques, œufs et poissons|884|11|1.5|3.4|11|0.68|||||||||||||||||0|en:eggs,en:fish,en:gluten,en:milk,en:molluscs,en:soybeans|E461 - Méthylcellulose|
Aliments et boissons à base de végétaux|Carrefour Veggie,Carrefour|Steaks au soja tomate, basilic|a|Eau, protéines de soja déshydratées 18%, purée de tomate double concentrée 9.5%, cubes de tomate 8%, sauce tomate 8%, basilic 4%, huile de tournesol, oignon, vinaigre d'alcool, sucre, épaississant: méthylcellulose, sel, amidon modifié de pomme de terre, origan. Huile de friture: huiles de tournesol et de colza. Fabriqué dans un atelier utilisant : céleri, gluten, lait, poissons, œufs, crustacés, mollusques et moutarde.|685|8.8|3.9|5.2|14|0.88|||||||||||||||||0|en:crustaceans,en:eggs,en:fish,en:gluten,en:milk,en:molluscs,en:mustard,en:soybeans|E14XX - Amidons modifiés,E461 - Méthylcellulose|
Aliments et boissons à base de végétaux|Carrefour bio, Carrefour|Mélange Quinoa Courgettes, Carottes|a|Eau, quinoa blond* 28%, courgette* 14%, carotte* 11%, purée de tomate double concentrée*, oignon*, huile d'olive vierge extra* , ail* , sel marin non rafiné, persil*, cumin en poudre*, poivre noir*. * Ingrédients issus de l'agriculture biologique.|502|4|2|6.2|3.5|0.7|||||||||||||||||0|||,,,,,,,,,,,,,,,,
Aliments et boissons à base de végétaux|Carrefour,Carrefour Bio|Lentilles corail|a|Lentilles corail|1351|3|2.2|19|25|0.03|||||||||||||||||0|||,,,,,,,,,,,,,,,,,,,,,,,,,,,,
Aliments et boissons à base de végétaux|Casino|Lentilles vertes de France|a|Lentilles vertes. Traces de gluten.|1409|1.7|1|11|24|0.03|||||||||||||||||0|||,,,,,,,,,,,,,,,,,,,,,,,,,,,,,
Aliments et boissons à base de végétaux|Casino|Mélange de céréales à la provençale|c|Semoule de _blé_ dur précuite 85.4% - flocons de _seigle_ précuits 8% - sel - huile d'olive - persil déshydraté - flocons d'_épeautre_ précuits 1% - tomates déshydratées - ail en poudre - menthe déshydratée 0.1% - cannelle - basilic - marjolaine - origan - romarin - sarriette - thym - protéines végétales hydrolysées- huile de tournesol - _lactose_.|1489|3.2|2.7|7.7|12|1.9|||||||||||||||||0|blé, seigle||,,,,,,,,,,,,,,,,,,,,,,,,,,,,
Aliments et boissons à base de végétaux|Casino|Pois Cassés de France|a|Pois cassés.|1397|1.8|2.6|11|21|0.03|||||||||||||||||0|||,,,,,,,,,,,,,,,,,,,,,,,,,,,,,
Aliments et boissons à base de végétaux|Casino Bio, Casino|son d'avoine biologique|a|son d'_avoine_ issu de l'agriculture biologique. Traces de gluten, soja, fruits à coque, sésame.|1553|7.7|0.9|11|13|0|||||||||||||||||0|||,,,,,,,,,,,,,,,,,,,,,,,,,
Aliments et boissons à base de végétaux|Casino Bio, Casino|Fines galettes de céréales complétes aux deux fromages CASINO BIO|b|Flocons de _blé_ complet réhydratés* 39.8 g** - riz rond complet cuit* 31 g**- flocons d'_avoine_ complète réhydratés* 19.9 g** - farine de _blé_ complet* 10.4 g** - _Emmental_* 8.1 g** - _Comté_* 5.8 g** - oignons réhydratés* - huile de tournesol* - sel - herbes de Provence* - poivre noir*. Traces d'_œufs_, _fruits à coque_, _céleri_, moutarde, graines de sésame et _soja._ *  ** quantité mise en oeuvre pour 100g de produit fini Les informations en _gras_ sont destinées aux personnes intolérantes ou allergiques|957|7.5|1.6|5.4|8.4|1.2|||||||||||||||||0|en:gluten,en:milk||,,,,,,,,,,,,,,,,,,,,,,,
Aliments et boissons à base de végétaux|Celnat|Orge mondé|a|_Orge_ mondé|1410|2.1|1.2|9.8|11.2|0|||||||||||||||||0|Orge||,,,,,,,,,,,,,,,,,,,,,,,,,,,,,
Aliments et boissons à base de végétaux|Celnat|Lentillons de la Champagne|a|Lentillons|1389|1.1|2|10.7|25.8|0.015|||||||||||||||||0|||,,,,,,,,,,,,,,,,,,,,,,,,,,,,,
Aliments et boissons à base de végétaux|Charles Vignon|Muesli bio pepites et flocons graines anciennes|a|céréales* 62% [flocons d'avoine* complets 47.9%, fiocons d'épeautre*, pétales de riz*, farine d'épeautre*, riz* completj, graines* 20% tournesol*, courge* 4.6%, lin* 2.6%, amarante* soufflée 1.3% , chia* Salvia hispanica) 1%], sucre de canne* complet rapadura, huile de tournesol*, sucre de canne*, extrait de malt d'orge*, cannelle*, sel de mer. Ingrédients issus de l'agriculture biologique. En gras: allergènes. Peut contenir des traces de lait, soja et fruits à coques.|1883|19.4|12.7|9.7|12.1|0.1|||||||||||||||||0|avoine, épeautre, épeautre, orge|E322 - Lécithines,E322i - Lécithine,E392 - Extrait de romarin|,,,,,,,,
Aliments et boissons à base de végétaux|Chevaliers d argouges,Chevaliers d'Argouges|Orange Confite enrobée de Chocolat Noir|d|Tranches d'oranges confites 65 %, chocolat noir 35 %.|1695|18|44|0|4|0.02|||||||||||||||||0|soja|E322 - Lécithines,E322i - Lécithine|,,,,,,,,,,,,,,,,,,,,,,,,,,
Aliments et boissons à base de végétaux|Claude leger|Pâte brisée|d|Farine de froment, beurre concentré19 %, eau, sel, sucre, alcool éthylique, fibres d'agrumes, jus de citron concentré.|1615|23.3|2.7|0|6|0.93|||||||||||||||||0||E1510 - Éthanol,E160a - Bêta-carotène,E160ai - Bêta-carotène|,,,,,,,,,,,,,,,,,,,,
Aliments et boissons à base de végétaux|Confiserie Azuréenne|Fruits confits|c|dans un saladier température 500C au four traditionnelOU au micro ondes. Sortir le saladier du micro ondes et râper du chocolat noir sur le chocolat chaud en homogénéisant le tout avec une spatule pour redescendre à 27 oc. Tempérez à nouveau au micro ondes pour atteindre 31 OC/320C. Vous pourrez tremper vos fruits confits en les retirant du chocolat avec une fourchette et les poser doucement sur du papier sulfurisé pour les laisser sécher. Courbe de température à respecter :|1335|0.6|52||0.6|0.06|||||||||||||||||0|||,,,,,,,,,,,,,,,,,,,,,,,,,,,,,
Aliments et boissons à base de végétaux|Coquelicot Provence|Gnocchi nature|c|Purée de pomme de terre 77%, fécule de pomme de terre, semoule de _blé_ dur, farine de riz pour enrobage, sel de Camargue.|598|0.3|0.4||2.5|0.8|||||||||||||||||0|en:gluten|E392 - Extrait de romarin|,,,,,,,,,,,,,,,,,,,,,,,,,
Aliments et boissons à base de végétaux|Cora|Couscous grains fins|a|100% semoule de _blé_ dur de qualité supérieure.|1565|2|3|3.4|13.2|0.05|||||||||||||||||0|blé||,,,,,,,,,,,,,,,,,,,,,,,,,,,,,
Aliments et boissons à base de végétaux|Cora|Pâte Brisée|d| Farine de blé  graisse et huile végétales•eau - alcool éthylique -sucre - sel - jus de citron concentré - colorant : caroténoïdes - agent de traitement de la farine : L-cystéine. |1636|21.5|2.7|1.1|6.2|0.92|||||||||||||||||1||E1510 - Éthanol,E160 - Caroténoïdes,E920 - L-Cystéine et ses chlorhydrates|,,,,,,,,,,,,,,,,,,,,,,,,,,,
Aliments et boissons à base de végétaux|Croustipate|Croissants à la Levure Boulangère|e|Farine de _blé_, eau, graisses et huiles végétales non hydrogénées, sucre, _beurre_, poudres à lever : carbonates de sodium, phosphates de calcium, citrates de calcium, sel, alcool, gluten de _blé_, levure boulangère 0.14%, levure désactivée, agent de traitement de la farine : acide ascorbique, émulsifiants : esters diacétyltartriques de mono- et diglycérides d'acides gras, enzyme : transglutaminase|1614|21.4|5.5|1.4|6.9|1.45|||||||||||||||||1|blé, beurre, blé|E300 - Acide ascorbique,E341 - Phosphates de calcium,E500 - Carbonates de sodium|,,,,,,,,,,
Aliments et boissons à base de végétaux|Croustipate|Pâte feuilletée légère|d|Farine de _blé_, eau, graisses et huiles végétales non hydrogénées, fibre de chicorée, sucre , alcool éthylique, sel, jus de citron concentré, agent de traitement de la fraine : L-cystéine.|1530|16|3.1|3.9|6.1|1.42|||||||||||||||||1|en:gluten|E1510 - Éthanol|,,,,,,,,,,,,,,,,,,,,,
Aliments et boissons à base de végétaux|Croustipate|Croustipate Sablée Pur Beurre|d|Farine de _blé_, _beurre_ frais, sucre, eau, alcool éthylique, sel, arôme vanille, jus de citron concentré.|1636|10.2|18.5|1|5.7|0.39|||||||||||||||||0|blé, beurre|E1510 - Éthanol|,,,,,,,,,,,,,,,,,,,,,
Aliments et boissons à base de végétaux|Croustipâte|Pate brisée sans additif|d|Farine de _blé_, huiles végétales, eau, alcool éthylique, sel, jus de citron concentré, levure désactivée.|1653|22.8|2.7|1.8|6|1|||||||||||||||||0|blé|E1510 - Éthanol|,,,,,,,,,,,,,,,,,,,,,,,
Aliments et boissons à base de végétaux|Cruzilles|Pâtes de Fruits d'Auvergne|d|Abricot : pulpes de fruits 53 %. Cassis : Pulpes de fruits. Fraise : Pulpes de fruits 55 %. Framboise : Pulpes de fruits 52 %. Orange : Pulpes de fruits 50 %. Prune : Pulpes de fruits 50 %. Sucre, sirop de glucose de blé, gélifiant : pectines, arômes naturelsavec autres arômes naturels, acidifiant : jus de citron.|1368|0.2|71||0.8|0.15|||||||||||||||||0||E440 - Pectines|,,,,,,,,,,,,,,,,,,,,,,,,,
Aliments et boissons à base de végétaux|Cémoi|Pâtes de Fruits Aromatisées Citron, Orange, Fraise, Pomme|c|Pulpe de pommes, sucre, sirop de glucose, gélifiant : pectines, acidifiant : acide citrique, arômes, colorants : E100 - E163 - E160c - E141.|1406|0.1|69||0.1|0.19|||||||||||||||||0||E100 - Curcumine,E141 - Complexe cuivrique des chlorophylles,E160c - Extrait de paprika,E163 - Anthocyanes,E330 - Acide citrique,E440 - Pectines|,,,,,,,,,,,,,,,
Aliments et boissons à base de végétaux|Céréal Bio|Tofu soyeux|a|Tofu.|226|2.9|0.9|0.8|5.2|0.03|||||||||||||||||0|soja||,,,,,,,,,,,,,,,,,,,,,,,,,,,,,
Aliments et boissons à base de végétaux|Céréal Bio|Tofu fumé|a|Tofu, tamari, sel marin, ail, coriandre, muscade, poivre.|685|10|0.8|3.2|16|0.53|||||||||||||0.136||||0|soja, soja||,,,,,,,,,,,,,,,,,,,,,,
Aliments et boissons à base de végétaux|Céréal Bio|Galettes polenta Jardinière Carottes, Petits pois, Brocolis|b|Polenta 76.4%- légumes* 19.9%- eau - huile de tournesol* - estragon* - sel de mer  * Ingrédients issus de l'agriculture biologique|453|2.4|0.3|3.6|2.3|0.93|||||||||||||||||0|||,,,,,,,,,,,,,,,,,,,,,,,,,,,
Aliments et boissons à base de végétaux|Céréal Bio|Soja du Sud-Ouest Spécial Cuisine|b|Jus de _soja_* 87%, huile de tournesol*, émulsifiant : gomme arabique*, épaississants : gomme xanthane, carraghénanes, sucre de canne* non raffiné. Soja sans OGM. *Ingrédients issus de l'agriculture biologique.|558|12|1.2|0.4|3.1|0.05|||||||||||||||||0|soja, soja|E407 - Carraghénanes,E414 - Gomme d'acacia,E415 - Gomme xanthane|,,,,,,,,,,,,,,,,,,,,,
Aliments et boissons à base de végétaux|Céréal,Grill Végétal|Steaks Soja et Blé|a|Eau, concentré de protéines de _soja_ 16%, huiles végétales 9.5%, gluten de _blé_ 5.6%, oignons 3%, farine de _soja_ entière 2.8%, fibres de _soja_ 2.8%, arômes naturels, fibres de _blé_ et plantain 1.6%, sel marin, extrait de malt d'_orge_, épaississant : méthylcellulose, paprika fort. Fabriqué dans un atelier qui utilise du céleri, du sésame, des fruits à coque, des œufs, du poissons et des produits laitiers.|799|11|0.7|6.1|17|1.3|||||||||||||||||0|en:gluten,en:celery,en:eggs,en:fish,en:milk,en:nuts,en:sesame-seeds,en:soybeans|E461 - Méthylcellulose|,,,,,
Aliments et boissons à base de végétaux|Céréal,Grill Végétal|Steaks soja & blé saveur barbecue|a|Eau, concentré de protéines de _soja_ 16.6%, huile de tournesol oléique 8.4%, gluten de _blé_ 5.7%, concentré de tomate 3.1%, farine de _soja_ entière 2.9%, fibres de _soja_ 2.9%, vinaigre de cidre, arômes naturels, fibres de _blé_ et plantain 1.5%, sel marin, sucre, extrait de malt d'_orge_, épaississant : méthylcellulose, épices, arôme de fumée. Fabriqué dans un atelier qui utilise du céleri, du sésame, des fruits à coque, des œufs et des produits laitiers.|758|9|1.7|6|18|1.3|||||||||||||||||0|en:gluten,en:celery,en:eggs,en:milk,en:nuts,en:sesame-seeds,en:soybeans|E461 - Méthylcellulose|,,,,
Aliments et boissons à base de végétaux|Céréal,Grill végétal|Escalopes soja & blé|c|Eau, concentré de protéines de _soja_ 14.6%, huiles végétales 9.8%, chapelure de _blé_ 8.9%, gluten de _blé_ 5.1%, farine de _blé_ 3.6%, farine de _soja_ 2.5%, arômes naturels, oignons, sel marin, épaississants : méthylcellulose, fibres de _blé_, plantain 0.6% |1033|13|0.9|5.3|16|1.7|||||||||||||||||0|soja, blé, blé, blé, soja, blé|E461 - Méthylcellulose|,,,,,,,,,,,
Aliments et boissons à base de végétaux|Céréalpes|4 galettes au SON d'AVOINE Nature|a|eau, son d'_avoine_ bio 26.1%, blanc d'_oeuf_ en poudre bio, _lait_ écrémé en poudre bio, poudre levante bio, sel marin|616|2.7|2.3|3.9|8.3|0.8|||||||||||||||||0|avoine, oeuf, lait, blé|E336 - Tartrates de potassium,E500 - Carbonates de sodium,E500ii - Carbonate acide de sodium|,,,,,,,,,,,,,,,,,,,
Aliments et boissons à base de végétaux|Céréalpes|Galettes de polenta comté et tomates séchées|b|Polenta 89.9 g, semoule de maïs précuite, Comté 10.4 g, tomates séchées 3.0 g, huile d'olive vierge, basilic. Quantité mise en œuvre pour 100 g de galette. |567|4.3|0.5|2.9|3.6|1.1|||||||||||||||||0|||,,,,,,,,,,,,,,,,,,,,,,,,
Aliments et boissons à base de végétaux|Daco Bello,J'k,Couleurs cuisine|Maïs à éclater|a|Maïs pour pop-corn.|1431|2.8|0|13.6|10|0.1|||||||||||||0.12||||0|||,,,,,,,,,,,,,,,,,,,,,,,,,,,
Aliments et boissons à base de végétaux|Danival|Concentré de tomate 28%|a|purée de tomates double concentrée**Ingrédients d'origines agricole obtenus selon les règles de production biologique.|512|0.1|0.5|4.7|3|0.1|||||||||||||||||0|||,,,,,,,,,,,,,,,,,,,,,,,,,,,,,
Aliments et boissons à base de végétaux|Danival|Miso riz|c|soja* français, riz rond mi-complet*, sel marin non raffiné de l'Atlantique, eau, enzyme|605|6.7|3|3.4|9.7|8.3|||||||||||||||||0|||,,,,,,,,,,,,,,,,,,,,,,,,,
Aliments et boissons à base de végétaux|Destination Saveurs|Graines de Tournesol Grillées, Salées|d|Graines de tournesol 88%, sel 10%, farine de riz.|1552|24|1.6|45|13|7.5|||||||||||||||||0|||,,,,,,,,,,,,,,,,,,,,,,,,,,
Aliments et boissons à base de végétaux|Diva,Philippe Charpentier,Fruidor|Carottes Cultivées en France|a|Carottes |153|0.26|4.8||0.8|0.122|0.00121||||||||||||||||0|||,,,,,,,,,,,,,,,,,,,,,,,,,,,
Aliments et boissons à base de végétaux|Dukan|Galettes de son d'avoine vanillée|a|Son d'avoine hydraté 58%, eau, blanc d'_œufs_ en poudre, _lait_ écrémé en poudre, graines de Iin brun, conservateur, poudres à lever, édulcorants : maltodextrine et sucralose 0.6%, arôme naturel de vanille, sel|501|2.3|2.1|4.2|8.5|1.31|||||||||||||||||0|gluten, œufs, lait, lactose, blé|E262 - Acétates de sodium,E262i - Acétate de sodium,E450 - Sels métalliques de diphosphates,E450i - Pyrophosphate de sodium acide,E500 - Carbonates de sodium,E500i - Carbonate de sodium|,,,,,,,,,,,
Aliments et boissons à base de végétaux|Ebly|Fibres|a|Blé dur précuit.|1545|1.7|1.6|7.6|13|0.03|||||||||||||||||0|||,,,,,,,,,,,,,,,,,,,,,,,,,,,,,
Aliments et boissons à base de végétaux|Ensemble|Pois cassés|a|Pois cassés|1443|0.8|2.2|19.5|21.7|0|||||||||||||||||0|||,,,,,,,,,,,,,,,,,,,,,,,,,,,,,
Aliments et boissons à base de végétaux|Esprit de Fête, Carrefour|Pâtes de fruits|c|Pulpes de fruits : Ananas : pulpes de fruits 50%*, Framboise : pulpes de fruits 50%*, Abricot : pulpes de fruits 50%*, Cassis : pulpes de fruits 50%*, Orange : pulpes de fruits 50%*, Poire : pulpes de fruits 50%*, sucre, sirop de glucose, gélifiant : pectines, acidifiant : acide citrique, arômes naturels de fruitsavec autres arômes naturels, colorants : extrait de paprika - complexes cuivre-chlorophylles et cuivre-chlorophyllines - curcumine - anthocyanes. *Pourcentage mis en œuvre pour chaque variété. Parfums Orange, Ananas, Framboise, Cassis, Abricot, Poire.|1502|1.1|68|1|0.5|0.13|||||||||||||||||0||E100 - Curcumine,E141 - Complexe cuivrique des chlorophylles,E160c - Extrait de paprika,E163 - Anthocyanes,E330 - Acide citrique,E440 - Pectines|,,,,,,,
Aliments et boissons à base de végétaux|Esprit de fête, Carrefour|Petits marrons glacés et morceaux|d|Marrons, sucre, sirop de glucose, humectant : sorbitols, gousse de vanille, conservateur : sorbate de potassium.|1349|0.9|46|3|1|0.06|||||||||||||||||0||E202 - Sorbate de potassium,E420 - Sorbitol|,,,,,,,,,,,,,,,,,,,,,,
Aliments et boissons à base de végétaux|Favier Milliat|Papillotes de Noël|c|Pulpes de fruits, sucre, sirop de glucose, gélifiant : pectine, acidifiant : acide citrique, arôme naturel d'abricot, arôme naturel de fraise, arôme naturel de cerise, et avec autres arômes naturels, amidon de _blé_.|1464|0.5|76||0.5|0.18|||||||||||||||||0|blé|E330 - Acide citrique,E440 - Pectines,E440i - Pectine|,,,,,,,,,,,,,,,,,,
Aliments et boissons à base de végétaux|Ferme De La Motte|Haricot rouge Bio|a|Haricot Rouge|464|0.525|3.8|7.34|8.52|0.016|||||||||||||||||0|||,,,,,,,,,,,,,,,,,,,,,,,,,,,,,
Aliments et boissons à base de végétaux|Ferme de la Motte|Lentille verte bio|a|Lentilles vertes.|474|0.55|1.23|4.2|8.1|0.03048|||||||||||||||||0|||,,,,,,,,,,,,,,,,,,,,,,,,,,,,,
Aliments et boissons à base de végétaux|Ferrari|Betteraves rouges cuites épluchées|a|Betteraves rouges cuites épluchées|184|0.1|6.7|2.3|2.3|0.14|||||||||||||||||0|||,,,,,,,,,,,,,,,,,,,,,,,,,,,,,
Aliments et boissons à base de végétaux|Ferrari|Betterave rouge cuite sous vide|a|Betteraves rouges|183|0.5|6.7|2.3|2.3|0.14|||||||||||||||||0|||,,,,,,,,,,,,,,,,,,,,,,,,,,,,,
Aliments et boissons à base de végétaux|Flamant Vert|Barres Bio aux Noisettes, Miel, Spiruline et Chocolat Noir|e|_Noisettes_ 43%, chocolat noir 24%, miel 22%, fibre d'acacia, spiruline L'algue Bleue des Andes 3%.|2184|37.7|27.2||10.1|0.11|||||||||||||0.129||0.0063||0|Fruits à coque, Noisettes, fruits à coques||,,,,,,,,,,,,,,,,,,,,,
Aliments et boissons à base de végétaux|Florette|Salade|a|Salade composée|113|0.2|0||1.1|0|||||||||||||||||0|||,,,,,,,,,,,,,,,,,,,,,,,,,,,,,
Aliments et boissons à base de végétaux|Florette|Mini Melange De Saison|a|Frisée, chicorée rouge, mâche et roquette en proportion variable.|54|1.7|0.49||0.98|0|||||||||||||||||0|||,,,,,,,,,,,,,,,,,,,,,,,,,,,
Aliments et boissons à base de végétaux|Freshona|Betteraves rouges, entières, cuites à la vapeur|a|100% betterave rouge|180|0.5|6.7||2.3|0.14|||||||||||||||||0|||,,,,,,,,,,,,,,,,,,,,,,,,,,,
Aliments et boissons à base de végétaux|Gerblé|Galettes Son d'avoine vanillées|a|Eau, son d’avoine 26%, sucre de canne roux, _lait_ écrémé en poudre, blanc d'_oeuf_ en poudre, arôme naturel de vanille, poudres à lever, sel marin, amidon de blé. Fabriqué dans un atelier qui utilise du sésame, de la moutarde, du céleri et des fruits à coque.|750|1.9|9.2|5|8.5|0.6096|||||||||||||||||0|lait, oeuf|E336 - Tartrates de potassium,E500 - Carbonates de sodium,E500ii - Carbonate acide de sodium|,,,,,,,,,,,,,,,,
Aliments et boissons à base de végétaux|Gerblé|Son d'Avoine Gerblé|a|Son d'Avoine|1473|6.7|1|16|16|0||||||0.00046|||0.0006|2.9e-05|||0.185||0.0045||0|||,,,,,,,,,,,,,,,,,,,,,,,,,,,,,
Aliments et boissons à base de végétaux|Gillet Contres|Lentilles vertes du Val de loire|a|Lentilles vertes, eau, sel de mer.|1222|0.6|1.2|4.2|8.1|0.6|||||||||||||||||0|||,,,,,,,,,,,,,,,,,,,,,,,,,,,
Aliments et boissons à base de végétaux|Grain de Vitalité|Pois Chiches|a|Pois chiches|1243|1.2|2.3|18|21.2|0.0499999999999999|||||||||||||||||0|||,,,,,,,,,,,,,,,,,,,,,,,,,,,,,
Aliments et boissons à base de végétaux|Grain de Vitalité|Pois chiches|b|Pois chiches|1723|6.1|10.8||19.1|0.05|||||||||||||||||0|||,,,,,,,,,,,,,,,,,,,,,,,,,,,,,
Aliments et boissons à base de végétaux|Grain de frais|Boulgour fin|a|Blé dur précuit à la vapeur.|390|1.3|0.5|12|12|0.04|||||||||||||||||0|en:gluten||,,,,,,,,,,,,,,,,,,,,,,,,,,,,,
Aliments et boissons à base de végétaux|Grand Frais,Grain de frais|Quinoa|a|graines de quinoa.|1598|6.1|4.1|2.8|14|0.01|4.2e-05||||||||||||||||0|||,,,,,,,,,,,,,,,,,,,,,,,,,,,,
Aliments et boissons à base de végétaux|Grand Jury|Pâte à tarte brisée|d|Farine de blé, matières grasses végétales non hydrogénées, eau, alcool éthylique, sucre, sel, jus de citron concentré, agent de traitement de la farine : L-cystéine.|1736|23|2.8|1.1|6.3|0.93|||||||||||||||||1||E1510 - Éthanol,E160 - Caroténoïdes,E920 - L-Cystéine et ses chlorhydrates|,,,,,,,,,,,,,,,,,,,,
Aliments et boissons à base de végétaux|Grand Jury|Pate Feuilletee Deroulee Perlor|d|Farine de _blé_, matières grasses végétales non hydrogénées, eau, alcool éthylique, sel, jus de citron concentré, agent de traitement de la farine L-cystéine.|1653|23|0.8|1|5.9|0.98|||||||||||||||||1|en:gluten|E1510 - Éthanol,E160 - Caroténoïdes,E920 - L-Cystéine et ses chlorhydrates|,,,,,,,,,,,,,,,,,,,,,
Aliments et boissons à base de végétaux|Gretel|Amandes de Californie Fumées|c|_Amandes_, huile de _cacahuètes_, glucose de maïs, sel, sucre, farine de blé, extrait de levure, arômes 0.2 %, saveur fumée), sucre caramélisé, poudre d'oignon, acide citrique, extrait de paprika.|2418|50.5|5.2||19.7|0.5|||||||||||||||||0||E160c - Extrait de paprika,E330 - Acide citrique|,,,,,,,,,,,,,,,,
Aliments et boissons à base de végétaux|Grillon D'or|Galettes de Riz au Chocolat au Lait|d|Chocolat au lait 58%, riz* 42% Ingrédients issus de l'Agriculture Biologique.|2067|24|26|3.2|8.1|0.1|||||||||||||||||0|lait||,,,,,,,,,,,,,,,,,,,,,,,,,,,,
Aliments et boissons à base de végétaux|Grillon d'Or|Galettes de riz chocolat noir|d|Chocolat noir* 57%, riz 48%. *Ingrédients issus de l'Agriculture Biologique.|2021|24|18|6.2|8.5|0.05|||||||||||||||||0|||,,,,,,,,,,,,,,,,,,,,,,,,,,,,
Aliments et boissons à base de végétaux|Grillon d'Or|Protéines de Soja petit|a|_Soja_ texturé issus de l'Agriculture Biologique.|1439|6.6|11.7|17.4|48.8|0.4|||||||||||||||||0|en:soybeans||,,,,,,,,,,,,,,,,,,,,,,,,,,,,,
Aliments et boissons à base de végétaux|Grillon d'Or,Céréco|Galettes Riz Complet|a|Riz complet 79.8%, riz, sel.|1632|3|1|3.4|7.5|0.1|||||||||||||||||0|||,,,,,,,,,,,,,,,,,,,,,,,,,,
Aliments et boissons à base de végétaux|H. Moinet|Pâtes de fruits d'Auvergne|c|Pulpes de fruits, sucre, sirop de glucose, pectine, arômes : abricot, cassis, framboise, orange, prune, acide citrique, colorants : E120. E141. E153. E161b.|1435|0.1|62|1.1|0.4|0.07|||||||||||||||||0||E120 - Acide carminique,E141 - Complexe cuivrique des chlorophylles,E153 - Charbon végétal médicinal,E161b - Lutéine,E330 - Acide citrique,E440 - Pectines,E440i - Pectine|,,,,,,,,,,,,,
Aliments et boissons à base de végétaux|HERTA|Pâte feuilletée|d|Farine de blé, margarine végétale, eau, vinaigre de cidre, alcool, gluten de blé, sucre de canne, sel, levure|1602|21|3.3|2|5.8|1.1|||||||||||||||||1|en:gluten||,,,,,,,,,,,,,,,,,,,,,
Aliments et boissons à base de végétaux|Happy Bio,HappyBio|Quinoa blanc|a|Quinoa|1590|5.1|4.3|6.3|12.8|0.1|||||||||||||||||0|||,,,,,,,,,,,,,,,,,,,,,,,,,,,,
Aliments et boissons à base de végétaux|Hautdecoeur,Haudecoeur|Semoule Orge Grosse 1 Kg,|a|_Orge_|1431|2|2.3|8|10|0|||||||||||||||||0|Orge||,,,,,,,,,,,,,,,,,,,,,,,,,,,
Aliments et boissons à base de végétaux|Herta|La petite tarte feuilletée pur beurre|d|Farine de _blé_, eau, _beurre_ concentré 20%, alcool, sel, jus de citron concentré, levure désactivée|1634|20|2|1.2|6.3|0.9|||||||||||||||||0|blé, beurre||,,,,,,,,,,,,,,,,,,,,,,
Aliments et boissons à base de végétaux|Herta|Tarte en Or feuilletée -30% de Mat. Gr.|d|Farine de _blé_, eau, huiles végétales, jus de citron concentré, sel, alcool, fruits et légumes concentrés, levure.|1469|16|0.3|1.1|6.6|1.1|||||||||||||||||1|en:gluten||,,,,,,,,,,,,,,,,,,,,,,
Aliments et boissons à base de végétaux|Horeca|Tagliatelles aux 5 œufs frais|b|Semoule de _blé_ dur de qualité supérieure, 230g d’_œufs_ frais par kilo de semoule.|1525|3.8|3||14|0.5|||||||||||||||||0|blé, œufs||,,,,,,,,,,,,,,,,,,,,,,,,,,,
Aliments et boissons à base de végétaux|J.P. Cloteau|Flocons d’avoine|a|Avoine|1540|7|1|9.3|13.26|0.03|||||||||||||||||0|||,,,,,,,,,,,,,,,,,,,,,,,,,,,,,
Aliments et boissons à base de végétaux|JP Cloteau|Graines de Sarrasin Issu de l'Agriculture Biologique|a|Graines de sarrasin décortiquées biologiques.|1456|2.6|2.8||12|0.02|||||||||||||||||0|||,,,,,,,,,,,,,,,,,,,,,,,,,,,,,
Aliments et boissons à base de végétaux|Jardin BIO|Petit Épeautre|a|Petit épeautre bio.|1464|3.6|2.5|9.8|13.2|0.1|||||||||||||0.15||||0|||,,,,,,,,,,,,,,,,,,,,,,,,,,,,,
Aliments et boissons à base de végétaux|Jardin Bio,LEA Nature|Couscous complet grain moyen bio|a|semoule semi-complète de blé dur - issue de l'agriculture biologique.|1473|1.5|2.3|7.4|12|0.1|||||||||||||0.083||0.003||0|||,,,,,,,,,,,,,,,,,,,,,,,,,,,,
Aliments et boissons à base de végétaux|Jardin Bio,LEA Nature|Lentilles vertes Bio|a|lentilles vertes sèches issues de l'agriculture biologique - 100% origine France|1604|1.1|6.4|18|24.4|0.0254|||||||||||||0.0998||0.0076||0|||,,,,,,,,,,,,,,,,,,,,,,,,,,,,
Aliments et boissons à base de végétaux|Jardin Bio,Léa Nature|Haricots coco cuisinés|a|eau, haricots blanc sec trempés 38%, oignons en morceaux 7.8%, carottes en morceaux 6%, huile de tournesol, sel marin, purée d'ail, thym, laurier, poivre noir|427|0.7|10.3|5.1|5.6|0.25|||||||||||||||||0|||,,,,,,,,,,,,,,,,,,,
Aliments et boissons à base de végétaux|Jardin Bio,Léa Nature|Maïs à pop corn|a|Maïs à pop corn sans OGM bio.|1531|4.7|0.6|7.3|9.4|0.1|||||||||||||||||0|||,,,,,,,,,,,,,,,,,,,,,,,,,,,,
Aliments et boissons à base de végétaux|Jardin Bio,Léa Nature|Lentilles vertes irigine Vendée|a|Lentilles vertes sèches issues de l'agriculture biologique.|1280|1.1|6.4|18|24|0.01|||||||||||||0.0998||0.0076||0|||,,,,,,,,,,,,,,,,,,,,,,,,,,,,
Aliments et boissons à base de végétaux|Jardin Bio,Léa Nature|Mélange gourmand à poêler|a|Riz complet précuit* 38%, lentilles vertes précuites* 28%, ﬂocons de _seigle_* 10%, ﬂocons d'_orge_* 10%, graines* 8%, oignons frits*. *Produits issus de l'agriculture biologique.  |1608|8.5|1.8|15|16|0.02|||||||||||||0.14||||0|seigle, orge, sésame||,,,,,,,,,,,,,,,,,,,,,
Aliments et boissons à base de végétaux|Jardin bio logique,Jardin Bio',Léa Nature|Galettes de maïs sans gluten|a|maïs soufflé, sel. |1644|0.9|0.1|2.6|8|0.3|||||||||||||||||0|||,,,,,,,,,,,,,,,,,,,,,,,,,,
Aliments et boissons à base de végétaux|Jardin bio,Léa Nature|Semoule de maïs pour polenta|a|Semoule de maïs issue de l'agriculture biologique.|1547|1.5|1.6|4|7.9|0.017|||||||||||||||||0|||,,,,,,,,,,,,,,,,,,,,,,,,,,,,
Aliments et boissons à base de végétaux|Jean Hervé|Caroube|b|Caroube en poudre*. *: Issu de l'agriculture biologique.|2318|4|38.1|18.9|4.9|0.03|||||||||||||||||0|||,,,,,,,,,,,,,,,,,,,,,,,,,,,,,
Aliments et boissons à base de végétaux|Jean Hervé|Sésame noir toasté|c|Sésame noir*. *Issu de l'agriculture biologique.|2364|51|0.2|11.2|17.7|0.112|||||||||||||||||0|||,,,,,,,,,,,,,,,,,,,,,,,,,,,,,
Aliments et boissons à base de végétaux|Jean-Louis Bassinet|Graine de sésame|d|SÉSAME blanche.|2335|50|0.3||18|0.3|||||||||||||||||0|SÉSAME||,,,,,,,,,,,,,,,,,,,,,,,,,,,,,
Aliments et boissons à base de végétaux|Jean-Louis Bassinet|Lamelles d'orange confites|c|Écorces d'orange, sirop de glucose, fructose, saccharose, correcteur d'acidité E330. conservateur E220 ANHYDRIDE SULFUREUX.|130|5.5|48||1|0.1|||||||||||||||||0||E220 - Anhydride sulfureux,E330 - Acide citrique|,,,,,,,,,,,,,,,,,,,,,,,,
Aliments et boissons à base de végétaux|Jean-Louis Bassinet|Pavés de Pâtes de Fruits Qualité Auvergne|c|Pulpes de fruits, sucre, sirop de glucose, gélifiant : pectine, arômes naturels, acidifiant : jus de citron, colorants naturels : anthocyanes, extrait de paprika, chlorophylle cuivrique.|1368|0.2|71|0|0.7|0|||||||||||||||||0||E141 - Complexe cuivrique des chlorophylles,E141i - Complexes cuivriques de chlorophylles,E160c - Extrait de paprika,E163 - Anthocyanes,E440 - Pectines,E440i - Pectine|,,,,,,,,,,,,,,,,
Aliments et boissons à base de végétaux|Jean-Louis Bassinet|Pâtes de fruits barres qualité Auvergne|c|Pulpes de fruits, sucre, sirop de glucose, gélifiant : pectine, acidifiant : jus de citron, arôme naturel, colorants : chlorophyllines cuivrique, extrait de curcumin, anthocyanes, extrait de paprika.|1368|0.2|71||0.8|0.15|||||||||||||||||0||E140 - Chlorophylles,E140ii - Chlorophyllines,E160c - Extrait de paprika,E163 - Anthocyanes,E440 - Pectines,E440i - Pectine|,,,,,,,,,,,,,,,
Aliments et boissons à base de végétaux|Jean-Louis Bassinet|Pralines amandes rouges|d|Sucre, AMANDES, sirop de glucose, gélifiant E414. colorants E160ai, carmins, arôme.|1749|5.3|77.1||0|0.0899999999999999|||||||||||||||||0|AMANDES|E120 - Acide carminique,E160 - Caroténoïdes,E160a - Bêta-carotène,E160ai - Bêta-carotène,E414 - Gomme d'acacia|,,,,,,,,,,,,,,,,,,,,
Aliments et boissons à base de végétaux|Jean-Louis Bassinet|Macédoine Confite|c|Papaye, cube d'orange, cerise, sirop de glucose, fructose et saccharose, conservateur : E202. E220 ANHYDRIDE SULFUREUX, E330. E120. E150a, E133. E127.|1213|0.5|60||1|0|||||||||||||||||0||E120 - Acide carminique,E127 - Érythrosine,E133 - Bleu brillant FCF,E150a - Caramel E150a,E202 - Sorbate de potassium,E220 - Anhydride sulfureux,E330 - Acide citrique|,,,,,,,,,,,,,,,,
Aliments et boissons à base de végétaux|Jean-Louis Bassinet|Lamelles de citron confit|c|Écorces de citron, sirop de glucose, fructose, saccharose, correcteur d'acidité E330. conservateur E220 ANHYDRIDE SULFUREUX.|1297|0.5|48||1|0.1|||||||||||||||||0||E220 - Anhydride sulfureux,E330 - Acide citrique|,,,,,,,,,,,,,,,,,,,,,,,,
Aliments et boissons à base de végétaux|L'artisan Provençal|Gros Morceaux De Marrons Glacés|d|Marrons, sucre, sirop de glucose, humectant : sorbitol, vanille en gousses, conservateur : E202.|1331|0.9|46||1|0.06|||||||||||||||||0||E202 - Sorbate de potassium,E420 - Sorbitol,E420i - Sorbitol|,,,,,,,,,,,,,,,,,,,,,,
Aliments et boissons à base de végétaux|La Belle du Jardin|Carottes|a|Carottes|138|0|6.5|3.2|0.4|0|0.001067||||||||||||||||0|||,,,,,,,,,,,,,,,,,,,,,,,,,,,,,
Aliments et boissons à base de végétaux|La Maison du Chocolat|Pâtes de Fruits Assorties|d|Pulpes de fruits 60 %, sucre, sirop de glucose, sucre inverti, pectine de pomme, jus de citron, arôme naturel de fruit.|1453|0|77||0|0.1|||||||||||||||||0||E440 - Pectines,E440i - Pectine|,,,,,,,,,,,,,,,,,,,,,,
Aliments et boissons à base de végétaux|La Mandorle|Mati'Mande|a|Amandes instantanées 35%, sirop de riz* déshydraté, fibre d'acacia*, arôme naturel de vanille*), céréales* 35%, sirop de riz* déshydraté, fécule de riz*, algue Lithothamnium Calcareum 2%, arôme naturel d'orange*. *ingrédients issus de l'agriculture biologique.|1264|6|6|7|15|0.04||||||||0.00352||||0.841|0.21||0.00763||0|en:gluten||,,,,,,,,,,,,,,,,,,,,,
Aliments et boissons à base de végétaux|La Patelière|Fruits confits assortis|c|Fruits : pastèques - bigarreaux - écorces d'orange - angéliques, sirop de glucose-fructose, eau, sucre, conservateurs : sorbate de potassium - _sulﬁtes_, correcteur d’acidité : acide citrique, colorants : carmin - complexes cuivre-chlorophylies — lutéine. |1271|0.1|63||0.1|0.1|||||||||||||||||0|sulﬁtes|E120 - Acide carminique,E141 - Complexe cuivrique des chlorophylles,E161b - Lutéine,E202 - Sorbate de potassium,E330 - Acide citrique|,,,,,,,,,,,,,,,,,,,
Aliments et boissons à base de végétaux|La Patelière|Cubes d'Écorces d'Oranges Confits|d|Écorces d'oranges, sucre de canne clair, sirop de blé, eau, acidifiant : acide citrique.|1284|0.03|60.3|0|0.5|0.05|||||||||||||||||0||E330 - Acide citrique|,,,,,,,,,,,,,,,,,,,,,,,,,
Aliments et boissons à base de végétaux|La Patelière|Mélange Pâtissier|c|Écorces d'orange, cerises, écorces de citron, sirop de blé, eau, sucre de canne blond, correcteur d'acidité : acide citrique.|1297|0.2|54|0|0.6|0.02|||||||||||||||||0||E330 - Acide citrique|,,,,,,,,,,,,,,,,,,,,,,,
Aliments et boissons à base de végétaux|La Toque Du Chef,Crusti Frais|Pâte brisée|d|Farine de blé, huiles végétales, eau, sel, alcool, jus de citron concentré, beurre concentré, agent de traitement de la farine : L-cystéine , colorant : bêta-carotène.|1648|21|2.7|0.9|6.2|0.9|||||||||||||||||1||E160a - Bêta-carotène,E160ai - Bêta-carotène,E920 - L-Cystéine et ses chlorhydrates|,,,,,,,,,,,,,,,,,,
